{"background_color":"#ff4674","description":"Letswish is very good","dir":"auto","display":"standalone","display_override":["fullscreen"],"name":"Letswish","orientation":"portrait","scope":"/","short_name":"Letswish","start_url":"//register","theme_color":"#ff4674","categories":["social"],"screenshots":[],"icons":[{"src":"https://upload.wikimedia.org/wikipedia/commons/2/28/Group_102.png","type":"image/png","sizes":"104x100"},{"src":"https://upload.wikimedia.org/wikipedia/commons/8/8f/Group_101%281%29.png","type":"image/png","sizes":"512x512"},{"src":"https://upload.wikimedia.org/wikipedia/commons/7/7b/Group_103.png","type":"image/jpeg","sizes":"1280x800"}],"shortcuts":[],"lang":"en","related_applications":[],"prefer_related_applications":false}